<?xml version="1.0" encoding="UTF-8"?>
<beans xmlns="http://www.springframework.org/schema/beans"
	xmlns:xsi="http://www.w3.org/2001/XMLSchema-instance"
	xmlns:context="http://www.springframework.org/schema/context"
	xmlns:mvc="http://www.springframework.org/schema/mvc"
	xsi:schemaLocation="http://www.springframework.org/schema/beans
       http://www.springframework.org/schema/beans/spring-beans.xsd
       http://www.springframework.org/schema/context
       http://www.springframework.org/schema/context/spring-context.xsd
       http://www.springframework.org/schema/mvc
       http://www.springframework.org/schema/mvc/spring-mvc-3.0.xsd">

	<!-- 扫描web相关的bean -->
	<context:component-scan
		base-package="cn.teatour.controller" />

	<!-- 开启SpringMVC注解模式 -->
	<mvc:annotation-driven />

	<!-- 静态资源默认servlet配置 -->
	<mvc:default-servlet-handler />

	<!-- 配置jsp 显示ViewResolver -->
	<bean
		class="org.springframework.web.servlet.view.InternalResourceViewResolver">
		<property name="viewClass"
			value="org.springframework.web.servlet.view.JstlView" />
		<property name="prefix" value="/WEB-INF/views/" />
		<property name="suffix" value=".jsp" />
	</bean>

	<!-- 支持上传文件 -->
	<bean id="multipartResolver"
		class="org.springframework.web.multipart.commons.CommonsMultipartResolver" />

	<!-- 拦截器 -->
	<mvc:interceptors>
		<mvc:interceptor>
			<mvc:mapping path="/*/*.jsp" />
			<mvc:mapping path="/*.jsp" />
			<bean class="cn.teatour.interceptor.LoginInterceptor" />
		</mvc:interceptor>
		<mvc:interceptor>
			<mvc:mapping path="/*/*.jsp" />
			<mvc:mapping path="/*.jsp" />
			<bean class="cn.teatour.interceptor.OtherInterceptor" />
		</mvc:interceptor>
	</mvc:interceptors>
</beans>
