<?xml version="1.0" encoding="UTF-8"?>
<beans xmlns="http://www.springframework.org/schema/beans"
	xmlns:xsi="http://www.w3.org/2001/XMLSchema-instance"
	xmlns:context="http://www.springframework.org/schema/context"
	xmlns:tx="http://www.springframework.org/schema/tx"
	xsi:schemaLocation="http://www.springframework.org/schema/beans
       http://www.springframework.org/schema/beans/spring-beans.xsd
       http://www.springframework.org/schema/context
       http://www.springframework.org/schema/context/spring-context.xsd http://www.springframework.org/schema/tx http://www.springframework.org/schema/tx/spring-tx.xsd">

	<!-- 扫描service包下所有使用注解的类型 -->
	<context:component-scan
		base-package="cn.teatour.service" />

	<!-- 配置数据库相关参数properties的属性：${url} -->
	<context:property-placeholder
		location="classpath:jdbc.properties" />

	<!-- 数据库连接池 -->
	<bean id="dataSource"
		class="com.mchange.v2.c3p0.ComboPooledDataSource">
		<property name="driverClass" value="${jdbc.driver}" />
		<property name="jdbcUrl" value="${jdbc.url}" />
		<property name="user" value="${jdbc.username}" />
		<property name="password" value="${jdbc.password}" />
		<property name="maxPoolSize" value="${c3p0.maxPoolSize}" />
		<property name="minPoolSize" value="${c3p0.minPoolSize}" />
		<property name="autoCommitOnClose"
			value="${c3p0.autoCommitOnClose}" />
		<property name="checkoutTimeout"
			value="${c3p0.checkoutTimeout}" />
		<property name="acquireRetryAttempts"
			value="${c3p0.acquireRetryAttempts}" />
	</bean>

	<!-- 配置SqlSessionFactory对象 -->
	<bean id="sqlSessionFactory"
		class="org.mybatis.spring.SqlSessionFactoryBean">
		<!-- 注入数据库连接池 -->
		<property name="dataSource" ref="dataSource" />
		<!-- 扫描entity包 使用别名 -->
		<property name="typeAliasesPackage" value="cn.teatour.pojo" />
		<!-- 扫描sql配置文件:mapper需要的xml文件 -->
		<property name="mapperLocations"
			value="classpath:mapper/*.xml" />
	</bean>

	<!-- 配置扫描Dao接口包，动态实现Dao接口，注入到spring容器中 -->
	<bean class="org.mybatis.spring.mapper.MapperScannerConfigurer">
		<!-- 注入sqlSessionFactory -->
		<property name="sqlSessionFactoryBeanName"
			value="sqlSessionFactory" />
		<!-- 给出需要扫描Dao接口包 -->
		<property name="basePackage" value="cn.teatour.mapper" />
	</bean>

	<!-- 配置基于注解的声明式事务 -->
	<tx:annotation-driven
		transaction-manager="transactionManager" />

	<!-- 配置事务管理器 -->
	<bean id="transactionManager"
		class="org.springframework.jdbc.datasource.DataSourceTransactionManager">
		<!-- 注入数据库连接池 -->
		<property name="dataSource" ref="dataSource" />
	</bean>


</beans>
