<?xml version="1.0" encoding="UTF-8"?>
<!DOCTYPE mapper PUBLIC "-//mybatis.org//DTD Mapper 3.0//EN" "http://mybatis.org/dtd/mybatis-3-mapper.dtd">
<mapper namespace="cn.teatour.mapper.AppointmentItemMapper">
	<resultMap id="BaseResultMap"
		type="cn.teatour.pojo.AppointmentItem">
		<id column="id" jdbcType="INTEGER" property="id" />
		<result column="teaGarden_id" jdbcType="INTEGER"
			property="teaGarden_id" />
		<result column="appointment_id" jdbcType="INTEGER"
			property="appointment_id" />
		<result column="user_id" jdbcType="INTEGER" property="user_id" />
		<result column="number" jdbcType="INTEGER" property="number" />
	</resultMap>
	<sql id="Example_Where_Clause">
		<where>
			<foreach collection="oredCriteria" item="criteria"
				separator="or">
				<if test="criteria.valid">
					<trim prefix="(" prefixOverrides="and" suffix=")">
						<foreach collection="criteria.criteria" item="criterion">
							<choose>
								<when test="criterion.noValue">
									and ${criterion.condition}
								</when>
								<when test="criterion.singleValue">
									and ${criterion.condition} #{criterion.value}
								</when>
								<when test="criterion.betweenValue">
									and ${criterion.condition} #{criterion.value}
									and
									#{criterion.secondValue}
								</when>
								<when test="criterion.listValue">
									and ${criterion.condition}
									<foreach close=")" collection="criterion.value"
										item="listItem" open="(" separator=",">
										#{listItem}
									</foreach>
								</when>
							</choose>
						</foreach>
					</trim>
				</if>
			</foreach>
		</where>
	</sql>
	<sql id="Base_Column_List">
		id, teaGarden_id, appointment_id, user_id, number
	</sql>
	<select id="selectByExample"
		parameterType="cn.teatour.pojo.AppointmentItemExample"
		resultMap="BaseResultMap">
		select
		<if test="distinct">
			distinct
		</if>
		'false' as QUERYID,
		<include refid="Base_Column_List" />
		from appointment_item
		<if test="_parameter != null">
			<include refid="Example_Where_Clause" />
		</if>
		<if test="appointmentByClause != null">
			order by ${appointmentByClause}
		</if>
	</select>
	<select id="selectByPrimaryKey"
		parameterType="java.lang.Integer" resultMap="BaseResultMap">
		select
		<include refid="Base_Column_List" />
		from appointment_item
		where id = #{id,jdbcType=INTEGER}
	</select>
	<delete id="deleteByPrimaryKey"
		parameterType="java.lang.Integer">
		delete from appointment_item
		where id = #{id,jdbcType=INTEGER}
	</delete>
	<insert id="insert" keyColumn="id" keyProperty="id"
		parameterType="cn.teatour.pojo.AppointmentItem" useGeneratedKeys="true">
		insert into
		appointment_item (teaGarden_id, appointment_id, user_id,
		number)
		values
		(#{teaGarden_id,jdbcType=INTEGER}, #{appointment_id,jdbcType=INTEGER},
		#{user_id,jdbcType=INTEGER},
		#{number,jdbcType=INTEGER})
	</insert>
	<insert id="insertSelective" keyColumn="id" keyProperty="id"
		parameterType="cn.teatour.pojo.AppointmentItem" useGeneratedKeys="true">
		insert into appointment_item
		<trim prefix="(" suffix=")" suffixOverrides=",">
			<if test="teaGarden_id != null">
				teaGarden_id,
			</if>
			<if test="appointment_id != null">
				appointment_id,
			</if>
			<if test="user_id != null">
				user_id,
			</if>
			<if test="number != null">
				number,
			</if>
		</trim>
		<trim prefix="values (" suffix=")" suffixOverrides=",">
			<if test="teaGarden_id != null">
				#{teaGarden_id,jdbcType=INTEGER},
			</if>
			<if test="appointment_id != null">
				#{appointment_id,jdbcType=INTEGER},
			</if>
			<if test="user_id != null">
				#{user_id,jdbcType=INTEGER},
			</if>
			<if test="number != null">
				#{number,jdbcType=INTEGER},
			</if>
		</trim>
	</insert>
	<update id="updateByPrimaryKeySelective"
		parameterType="cn.teatour.pojo.AppointmentItem">
		update appointment_item
		<set>
			<if test="teaGarden_id != null">
				teaGarden_id = #{teaGarden_id,jdbcType=INTEGER},
			</if>
			<if test="appointment_id != null">
				appointment_id = #{appointment_id,jdbcType=INTEGER},
			</if>
			<if test="user_id != null">
				user_id = #{user_id,jdbcType=INTEGER},
			</if>
			<if test="number != null">
				number = #{number,jdbcType=INTEGER},
			</if>
		</set>
		where id = #{id,jdbcType=INTEGER}
	</update>
	<update id="updateByPrimaryKey"
		parameterType="cn.teatour.pojo.AppointmentItem">
		update appointment_item
		set teaGarden_id =
		#{teaGarden_id,jdbcType=INTEGER},
		appointment_id =
		#{appointment_id,jdbcType=INTEGER},
		user_id = #{user_id,jdbcType=INTEGER},
		number = #{number,jdbcType=INTEGER}
		where id = #{id,jdbcType=INTEGER}
	</update>
</mapper>