<?xml version="1.0" encoding="UTF-8"?>
<!DOCTYPE mapper PUBLIC "-//mybatis.org//DTD Mapper 3.0//EN" "http://mybatis.org/dtd/mybatis-3-mapper.dtd">
<mapper namespace="cn.teatour.mapper.NewProdMapper">
	<resultMap id="BaseResultMap" type="cn.teatour.pojo.NewProd">
		<id column="id" jdbcType="INTEGER" property="id" />
		<result column="name" jdbcType="VARCHAR" property="name" />
		<result column="sub_title" jdbcType="VARCHAR"
			property="sub_title" />
		<result column="price" jdbcType="VARCHAR" property="price" />
		<result column="newProdCate_id" jdbcType="INTEGER"
			property="newProdCate_id" />
	</resultMap>
	<sql id="Example_Where_Clause">
		<where>
			<foreach collection="oredCriteria" item="criteria"
				separator="or">
				<if test="criteria.valid">
					<trim prefix="(" prefixOverrides="and" suffix=")">
						<foreach collection="criteria.criteria" item="criterion">
							<choose>
								<when test="criterion.noValue">
									and ${criterion.condition}
								</when>
								<when test="criterion.singleValue">
									and ${criterion.condition} #{criterion.value}
								</when>
								<when test="criterion.betweenValue">
									and ${criterion.condition} #{criterion.value}
									and
									#{criterion.secondValue}
								</when>
								<when test="criterion.listValue">
									and ${criterion.condition}
									<foreach close=")" collection="criterion.value"
										item="listItem" open="(" separator=",">
										#{listItem}
									</foreach>
								</when>
							</choose>
						</foreach>
					</trim>
				</if>
			</foreach>
		</where>
	</sql>
	<sql id="Base_Column_List">
		id, name, sub_title, price, newProdCate_id
	</sql>
	<select id="selectByExample"
		parameterType="cn.teatour.pojo.NewProdExample"
		resultMap="BaseResultMap">
		select
		<if test="distinct">
			distinct
		</if>
		'false' as QUERYID,
		<include refid="Base_Column_List" />
		from newProd
		<if test="_parameter != null">
			<include refid="Example_Where_Clause" />
		</if>
		<if test="orderByClause != null">
			order by ${orderByClause}
		</if>
	</select>
	<select id="selectByPrimaryKey"
		parameterType="java.lang.Integer" resultMap="BaseResultMap">
		select
		<include refid="Base_Column_List" />
		from newProd
		where id = #{id,jdbcType=INTEGER}
	</select>
	<delete id="deleteByPrimaryKey"
		parameterType="java.lang.Integer">
		delete from newProd
		where id = #{id,jdbcType=INTEGER}
	</delete>
	<insert id="insert" keyColumn="id" keyProperty="id"
		parameterType="cn.teatour.pojo.NewProd" useGeneratedKeys="true">
		insert into
		newProd (name, sub_title, price, newProdCate_id
		)
		values
		(#{name,jdbcType=VARCHAR}, #{sub_title,jdbcType=VARCHAR},
		#{price,jdbcType=VARCHAR},
		 #{newProdCate_id,jdbcType=INTEGER}
		)
	</insert>
	<insert id="insertSelective" keyColumn="id" keyProperty="id"
		parameterType="cn.teatour.pojo.NewProd" useGeneratedKeys="true">
		insert into newProd
		<trim prefix="(" suffix=")" suffixOverrides=",">
			<if test="name != null">
				name,
			</if>
			<if test="sub_title != null">
				sub_title,
			</if>
			<if test="price != null">
				price,
			</if>
			<if test="newProdCate_id != null">
				newProdCate_id,
			</if>
		</trim>
		<trim prefix="values (" suffix=")" suffixOverrides=",">
			<if test="name != null">
				#{name,jdbcType=VARCHAR},
			</if>
			<if test="sub_title != null">
				#{sub_title,jdbcType=VARCHAR},
			</if>
			<if test="price != null">
				#{price,jdbcType=VARCHAR},
			</if>
			<if test="newProdCate_id != null">
				#{newProdCate_id,jdbcType=INTEGER},
			</if>
		</trim>
	</insert>
	<update id="updateByPrimaryKeySelective"
		parameterType="cn.teatour.pojo.NewProd">
		update newProd
		<set>
			<if test="name != null">
				name = #{name,jdbcType=VARCHAR},
			</if>
			<if test="sub_title != null">
				sub_title = #{sub_title,jdbcType=VARCHAR},
			</if>
			<if test="price != null">
				price = #{price,jdbcType=VARCHAR},
			</if>
			<if test="newProdCate_id != null">
				newProdCate_id = #{newProdCate_id,jdbcType=INTEGER},
			</if>
		</set>
		where id = #{id,jdbcType=INTEGER}
	</update>
	<update id="updateByPrimaryKey"
		parameterType="cn.teatour.pojo.NewProd">
		update newProd
		set name = #{name,jdbcType=VARCHAR},
		sub_title = #{sub_title,jdbcType=VARCHAR},
		price =
		#{price,jdbcType=VARCHAR},
		newProdCate_id =
		#{newProdCate_id,jdbcType=INTEGER}
		where id = #{id,jdbcType=INTEGER}
	</update>
</mapper>