<?xml version="1.0" encoding="UTF-8"?>
<!DOCTYPE mapper PUBLIC "-//mybatis.org//DTD Mapper 3.0//EN" "http://mybatis.org/dtd/mybatis-3-mapper.dtd">
<mapper namespace="cn.teatour.mapper.NewProdImageMapper">
	<resultMap id="BaseResultMap"
		type="cn.teatour.pojo.NewProdImage">
		<id column="id" jdbcType="INTEGER" property="id" />
		<result column="newProd_id" jdbcType="INTEGER"
			property="newProd_id" />
	</resultMap>
	<sql id="Example_Where_Clause">
		<where>
			<foreach collection="oredCriteria" item="criteria"
				separator="or">
				<if test="criteria.valid">
					<trim prefix="(" prefixOverrides="and" suffix=")">
						<foreach collection="criteria.criteria" item="criterion">
							<choose>
								<when test="criterion.noValue">
									and ${criterion.condition}
								</when>
								<when test="criterion.singleValue">
									and ${criterion.condition} #{criterion.value}
								</when>
								<when test="criterion.betweenValue">
									and ${criterion.condition} #{criterion.value}
									and
									#{criterion.secondValue}
								</when>
								<when test="criterion.listValue">
									and ${criterion.condition}
									<foreach close=")" collection="criterion.value"
										item="listItem" open="(" separator=",">
										#{listItem}
									</foreach>
								</when>
							</choose>
						</foreach>
					</trim>
				</if>
			</foreach>
		</where>
	</sql>
	<sql id="Base_Column_List">
		id, newProd_id
	</sql>
	<select id="selectByExample"
		parameterType="cn.teatour.pojo.NewProdImageExample"
		resultMap="BaseResultMap">
		select
		<if test="distinct">
			distinct
		</if>
		'false' as QUERYID,
		<include refid="Base_Column_List" />
		from newProd_image
		<if test="_parameter != null">
			<include refid="Example_Where_Clause" />
		</if>
		<if test="orderByClause != null">
			order by ${orderByClause}
		</if>
	</select>
	<select id="selectByPrimaryKey"
		parameterType="java.lang.Integer" resultMap="BaseResultMap">
		select
		<include refid="Base_Column_List" />
		from newProd_image
		where id = #{id,jdbcType=INTEGER}
	</select>
	<delete id="deleteByPrimaryKey"
		parameterType="java.lang.Integer">
		delete from newProd_image
		where id =
		#{id,jdbcType=INTEGER}
	</delete>
	<insert id="insert" keyColumn="id" keyProperty="id"
		parameterType="cn.teatour.pojo.NewProdImage" useGeneratedKeys="true">
		insert
		into newProd_image (newProd_id)
		values (#{newProd_id,jdbcType=INTEGER})
	</insert>
	<insert id="insertSelective" keyColumn="id" keyProperty="id"
		parameterType="cn.teatour.pojo.NewProdImage" useGeneratedKeys="true">
		insert into newProd_image
		<trim prefix="(" suffix=")" suffixOverrides=",">
			<if test="newProd_id != null">
				newProd_id,
			</if>
		</trim>
		<trim prefix="values (" suffix=")" suffixOverrides=",">
			<if test="newProd_id != null">
				#{newProd_id,jdbcType=INTEGER},
			</if>
		</trim>
	</insert>
	<update id="updateByPrimaryKeySelective"
		parameterType="cn.teatour.pojo.NewProdImage">
		update newProd_image
		<set>
			<if test="newProd_id != null">
				newProd_id = #{newProd_id,jdbcType=INTEGER},
			</if>
		</set>
		where id = #{id,jdbcType=INTEGER}
	</update>
	<update id="updateByPrimaryKey"
		parameterType="cn.teatour.pojo.NewProdImage">
		update newProd_image
		set newProd_id =
		#{newProd_id,jdbcType=INTEGER}
		where id = #{id,jdbcType=INTEGER}
	</update>
</mapper>