<?xml version="1.0" encoding="UTF-8"?>
<!DOCTYPE mapper PUBLIC "-//mybatis.org//DTD Mapper 3.0//EN" "http://mybatis.org/dtd/mybatis-3-mapper.dtd">
<mapper namespace="cn.teatour.mapper.OrderItemMapper">
	<resultMap id="BaseResultMap"
		type="cn.teatour.pojo.OrderItem">
		<id column="id" jdbcType="INTEGER" property="id" />
		<result column="product_id" jdbcType="INTEGER"
			property="product_id" />
		<result column="order_id" jdbcType="INTEGER"
			property="order_id" />
		<result column="user_id" jdbcType="INTEGER" property="user_id" />
		<result column="number" jdbcType="INTEGER" property="number" />
	</resultMap>
	<sql id="Example_Where_Clause">
		<where>
			<foreach collection="oredCriteria" item="criteria"
				separator="or">
				<if test="criteria.valid">
					<trim prefix="(" prefixOverrides="and" suffix=")">
						<foreach collection="criteria.criteria" item="criterion">
							<choose>
								<when test="criterion.noValue">
									and ${criterion.condition}
								</when>
								<when test="criterion.singleValue">
									and ${criterion.condition} #{criterion.value}
								</when>
								<when test="criterion.betweenValue">
									and ${criterion.condition} #{criterion.value}
									and
									#{criterion.secondValue}
								</when>
								<when test="criterion.listValue">
									and ${criterion.condition}
									<foreach close=")" collection="criterion.value"
										item="listItem" open="(" separator=",">
										#{listItem}
									</foreach>
								</when>
							</choose>
						</foreach>
					</trim>
				</if>
			</foreach>
		</where>
	</sql>
	<sql id="Base_Column_List">
		id, product_id, order_id, user_id, number
	</sql>
	<select id="selectByExample"
		parameterType="cn.teatour.pojo.OrderItemExample"
		resultMap="BaseResultMap">
		select
		<if test="distinct">
			distinct
		</if>
		'false' as QUERYID,
		<include refid="Base_Column_List" />
		from order_item
		<if test="_parameter != null">
			<include refid="Example_Where_Clause" />
		</if>
		<if test="orderByClause != null">
			order by ${orderByClause}
		</if>
	</select>
	<select id="selectByPrimaryKey"
		parameterType="java.lang.Integer" resultMap="BaseResultMap">
		select
		<include refid="Base_Column_List" />
		from order_item
		where id = #{id,jdbcType=INTEGER}
	</select>
	<delete id="deleteByPrimaryKey"
		parameterType="java.lang.Integer">
		delete from order_item
		where id = #{id,jdbcType=INTEGER}
	</delete>
	<insert id="insert" keyColumn="id" keyProperty="id"
		parameterType="cn.teatour.pojo.OrderItem" useGeneratedKeys="true">
		insert into
		order_item (product_id, order_id, user_id,
		number)
		values
		(#{product_id,jdbcType=INTEGER}, #{order_id,jdbcType=INTEGER},
		#{user_id,jdbcType=INTEGER},
		#{number,jdbcType=INTEGER})
	</insert>
	<insert id="insertSelective" keyColumn="id" keyProperty="id"
		parameterType="cn.teatour.pojo.OrderItem" useGeneratedKeys="true">
		insert into order_item
		<trim prefix="(" suffix=")" suffixOverrides=",">
			<if test="product_id != null">
				product_id,
			</if>
			<if test="order_id != null">
				order_id,
			</if>
			<if test="user_id != null">
				user_id,
			</if>
			<if test="number != null">
				number,
			</if>
		</trim>
		<trim prefix="values (" suffix=")" suffixOverrides=",">
			<if test="product_id != null">
				#{product_id,jdbcType=INTEGER},
			</if>
			<if test="order_id != null">
				#{order_id,jdbcType=INTEGER},
			</if>
			<if test="user_id != null">
				#{user_id,jdbcType=INTEGER},
			</if>
			<if test="number != null">
				#{number,jdbcType=INTEGER},
			</if>
		</trim>
	</insert>
	<update id="updateByPrimaryKeySelective"
		parameterType="cn.teatour.pojo.OrderItem">
		update order_item
		<set>
			<if test="product_id != null">
				product_id = #{product_id,jdbcType=INTEGER},
			</if>
			<if test="order_id != null">
				order_id = #{order_id,jdbcType=INTEGER},
			</if>
			<if test="user_id != null">
				user_id = #{user_id,jdbcType=INTEGER},
			</if>
			<if test="number != null">
				number = #{number,jdbcType=INTEGER},
			</if>
		</set>
		where id = #{id,jdbcType=INTEGER}
	</update>
	<update id="updateByPrimaryKey"
		parameterType="cn.teatour.pojo.OrderItem">
		update order_item
		set product_id =
		#{product_id,jdbcType=INTEGER},
		order_id =
		#{order_id,jdbcType=INTEGER},
		user_id = #{user_id,jdbcType=INTEGER},
		number = #{number,jdbcType=INTEGER}
		where id = #{id,jdbcType=INTEGER}
	</update>
</mapper>