<?xml version="1.0" encoding="UTF-8"?>
<!DOCTYPE mapper PUBLIC "-//mybatis.org//DTD Mapper 3.0//EN" "http://mybatis.org/dtd/mybatis-3-mapper.dtd">
<mapper namespace="cn.teatour.mapper.TeaGardenReviewMapper">
	<resultMap id="BaseResultMap" type="cn.teatour.pojo.TeaGardenReview">
		<id column="id" jdbcType="INTEGER" property="id" />
		<result column="content" jdbcType="VARCHAR" property="content" />
		<result column="user_id" jdbcType="INTEGER" property="user_id" />
		<result column="teaGarden_id" jdbcType="INTEGER"
			property="teaGarden_id" />
		<result column="createDate" jdbcType="TIMESTAMP"
			javaType="java.sql.Date" property="createDate" />
	</resultMap>
	<sql id="Example_Where_Clause">
		<where>
			<foreach collection="oredCriteria" item="criteria"
				separator="or">
				<if test="criteria.valid">
					<trim prefix="(" prefixOverrides="and" suffix=")">
						<foreach collection="criteria.criteria" item="criterion">
							<choose>
								<when test="criterion.noValue">
									and ${criterion.condition}
								</when>
								<when test="criterion.singleValue">
									and ${criterion.condition} #{criterion.value}
								</when>
								<when test="criterion.betweenValue">
									and ${criterion.condition} #{criterion.value}
									and
									#{criterion.secondValue}
								</when>
								<when test="criterion.listValue">
									and ${criterion.condition}
									<foreach close=")" collection="criterion.value"
										item="listItem" open="(" separator=",">
										#{listItem}
									</foreach>
								</when>
							</choose>
						</foreach>
					</trim>
				</if>
			</foreach>
		</where>
	</sql>
	<sql id="Base_Column_List">
		id, content, user_id, teaGarden_id, createDate
	</sql>
	<select id="selectByExample"
		parameterType="cn.teatour.pojo.TeaGardenReviewExample"
		resultMap="BaseResultMap">
		select
		<if test="distinct">
			distinct
		</if>
		'false' as QUERYID,
		<include refid="Base_Column_List" />
		from teaGardenReview
		<if test="_parameter != null">
			<include refid="Example_Where_Clause" />
		</if>
		<if test="appointmentByClause != null">
			order by ${appointmentByClause}
		</if>
	</select>
	<select id="selectByPrimaryKey"
		parameterType="java.lang.Integer" resultMap="BaseResultMap">
		select
		<include refid="Base_Column_List" />
		from teaGardenReview
		where id = #{id,jdbcType=INTEGER}
	</select>
	<delete id="deleteByPrimaryKey"
		parameterType="java.lang.Integer">
		delete from teaGardenReview
		where id = #{id,jdbcType=INTEGER}
	</delete>
	<insert id="insert" keyColumn="id" keyProperty="id"
		parameterType="cn.teatour.pojo.TeaGardenReview" useGeneratedKeys="true">
		insert into
		teaGardenReview (content, user_id, teaGarden_id,
		createDate)
		values
		(#{content,jdbcType=VARCHAR}, #{user_id,jdbcType=INTEGER},
		#{teaGarden_id,jdbcType=INTEGER},
		#{createDate,jdbcType=TIMESTAMP})
	</insert>
	<insert id="insertSelective" keyColumn="id" keyProperty="id"
		parameterType="cn.teatour.pojo.TeaGardenReview" useGeneratedKeys="true">
		insert into teaGardenReview
		<trim prefix="(" suffix=")" suffixOverrides=",">
			<if test="content != null">
				content,
			</if>
			<if test="user_id != null">
				user_id,
			</if>
			<if test="teaGarden_id != null">
				teaGarden_id,
			</if>
			<if test="createDate != null">
				createDate,
			</if>
		</trim>
		<trim prefix="values (" suffix=")" suffixOverrides=",">
			<if test="content != null">
				#{content,jdbcType=VARCHAR},
			</if>
			<if test="user_id != null">
				#{user_id,jdbcType=INTEGER},
			</if>
			<if test="teaGarden_id != null">
				#{teaGarden_id,jdbcType=INTEGER},
			</if>
			<if test="createDate != null">
				#{createDate,jdbcType=TIMESTAMP},
			</if>
		</trim>
	</insert>
	<update id="updateByPrimaryKeySelective"
		parameterType="cn.teatour.pojo.TeaGardenReview">
		update teaGardenReview
		<set>
			<if test="content != null">
				content = #{content,jdbcType=VARCHAR},
			</if>
			<if test="user_id != null">
				user_id = #{user_id,jdbcType=INTEGER},
			</if>
			<if test="teaGarden_id != null">
				teaGarden_id = #{teaGarden_id,jdbcType=INTEGER},
			</if>
			<if test="createDate != null">
				createDate = #{createDate,jdbcType=TIMESTAMP},
			</if>
		</set>
		where id = #{id,jdbcType=INTEGER}
	</update>
	<update id="updateByPrimaryKey"
		parameterType="cn.teatour.pojo.TeaGardenReview">
		update teaGardenReview
		set content = #{content,jdbcType=VARCHAR},
		user_id = #{user_id,jdbcType=INTEGER},
		teaGarden_id =
		#{teaGarden_id,jdbcType=INTEGER},
		createDate =
		#{createDate,jdbcType=TIMESTAMP}
		where id = #{id,jdbcType=INTEGER}
	</update>
</mapper>