<?xml version="1.0" encoding="UTF-8"?>
<!DOCTYPE mapper PUBLIC "-//mybatis.org//DTD Mapper 3.0//EN" "http://mybatis.org/dtd/mybatis-3-mapper.dtd">
<mapper namespace="cn.teatour.mapper.UserMapper">
	<resultMap id="BaseResultMap" type="cn.teatour.pojo.User">
		<id column="id" jdbcType="INTEGER" property="id" />
		<result column="name" jdbcType="VARCHAR" property="name" />
		<result column="password" jdbcType="VARCHAR"
			property="password" />
	</resultMap>
	<sql id="Example_Where_Clause">
		<where>
			<foreach collection="oredCriteria" item="criteria"
				separator="or">
				<if test="criteria.valid">
					<trim prefix="(" prefixOverrides="and" suffix=")">
						<foreach collection="criteria.criteria" item="criterion">
							<choose>
								<when test="criterion.noValue">
									and ${criterion.condition}
								</when>
								<when test="criterion.singleValue">
									and ${criterion.condition} #{criterion.value}
								</when>
								<when test="criterion.betweenValue">
									and ${criterion.condition} #{criterion.value}
									and
									#{criterion.secondValue}
								</when>
								<when test="criterion.listValue">
									and ${criterion.condition}
									<foreach close=")" collection="criterion.value"
										item="listItem" open="(" separator=",">
										#{listItem}
									</foreach>
								</when>
							</choose>
						</foreach>
					</trim>
				</if>
			</foreach>
		</where>
	</sql>
	<sql id="Base_Column_List">
		id, name, password
	</sql>
	<select id="selectByExample"
		parameterType="cn.teatour.pojo.UserExample" resultMap="BaseResultMap">
		select
		<if test="distinct">
			distinct
		</if>
		'false' as QUERYID,
		<include refid="Base_Column_List" />
		from user
		<if test="_parameter != null">
			<include refid="Example_Where_Clause" />
		</if>
		<if test="orderByClause != null">
			order by ${orderByClause}
		</if>
	</select>
	<select id="selectByPrimaryKey"
		parameterType="java.lang.Integer" resultMap="BaseResultMap">
		select
		<include refid="Base_Column_List" />
		from user
		where id = #{id,jdbcType=INTEGER}
	</select>
	<delete id="deleteByPrimaryKey"
		parameterType="java.lang.Integer">
		delete from user
		where id = #{id,jdbcType=INTEGER}
	</delete>
	<insert id="insert" keyColumn="id" keyProperty="id"
		parameterType="cn.teatour.pojo.User" useGeneratedKeys="true">
		insert into user
		(name, password)
		values (#{name,jdbcType=VARCHAR},
		#{password,jdbcType=VARCHAR})
	</insert>
	<insert id="insertSelective" keyColumn="id" keyProperty="id"
		parameterType="cn.teatour.pojo.User" useGeneratedKeys="true">
		insert into user
		<trim prefix="(" suffix=")" suffixOverrides=",">
			<if test="name != null">
				name,
			</if>
			<if test="password != null">
				password,
			</if>
		</trim>
		<trim prefix="values (" suffix=")" suffixOverrides=",">
			<if test="name != null">
				#{name,jdbcType=VARCHAR},
			</if>
			<if test="password != null">
				#{password,jdbcType=VARCHAR},
			</if>
		</trim>
	</insert>
	<update id="updateByPrimaryKeySelective"
		parameterType="cn.teatour.pojo.User">
		update user
		<set>
			<if test="name != null">
				name = #{name,jdbcType=VARCHAR},
			</if>
			<if test="password != null">
				password = #{password,jdbcType=VARCHAR},
			</if>
		</set>
		where id = #{id,jdbcType=INTEGER}
	</update>
	<update id="updateByPrimaryKey"
		parameterType="cn.teatour.pojo.User">
		update user
		set name = #{name,jdbcType=VARCHAR},
		password
		= #{password,jdbcType=VARCHAR}
		where id = #{id,jdbcType=INTEGER}
	</update>
</mapper>